Model,TC_f1_macro,STS_pearson,STS_p_value,NLI_accuracy,NLI_f1_macro,NER_f1,NER_precision,NER_recall,RE_f1_micro,RE_accuracy,DP_las,DP_uas,MRC_f1,MRC_exact_match,DST_joint_goal_accuracy,DST_slot_accuracy
DeepSeek-R1-0528-Qwen3-8B,0.1154,0.0654,0.144475,0.2700,0.2697,0.0000,0.0000,0.0000,0.0000,0.0000,0.0000,0.0000,0.1028,0.0600,0.0200,0.0000
Llama-3.1-8B-Instruct,0.0965,0.6592,0.000000,0.3700,0.2573,0.0000,0.0000,0.0000,0.0000,0.0000,0.0000,0.0000,0.6091,0.5100,0.0000,0.0000
Mistral-8B-Instruct-2410,0.0297,0.5718,0.000000,0.3880,0.2927,0.0000,0.0000,0.0000,0.0000,0.0000,0.0000,0.0000,0.3730,0.2600,1.0000,0.0000
Qwen2.5-7B-Instruct,0.0965,0.7921,0.000000,0.3780,0.2791,0.0000,0.0000,0.0000,0.0000,0.0000,0.0000,0.0000,0.1453,0.0700,0.0000,0.0000
